{"cameraMode":{"drawMode":0,"name":"Shaded","section":"Shading Mode"},"sceneLighting":true,"audioPlay":false,"sceneViewState":{"showFog":true,"showMaterialUpdate":false,"showSkybox":true,"showFlares":true,"showImageEffects":true,"showParticleSystems":true},"in2DMode":false,"pivot":{"x":11.824841499328614,"y":4.196440696716309,"z":-0.9545595645904541},"rotation":{"x":-0.5423995852470398,"y":-0.0070598977617919449,"z":0.004554989747703075,"w":-0.8400843143463135},"size":1.2668094635009766,"orthographic":false}