{"cameraMode":{"drawMode":0,"name":"Shaded","section":"Shading Mode"},"sceneLighting":true,"audioPlay":false,"sceneViewState":{"showFog":true,"showMaterialUpdate":false,"showSkybox":true,"showFlares":true,"showImageEffects":true,"showParticleSystems":true},"in2DMode":false,"pivot":{"x":29.96750831604004,"y":1.2306911945343018,"z":-0.4473438262939453},"rotation":{"x":-0.02976190112531185,"y":0.1883767992258072,"z":-0.005711359903216362,"w":-0.9816292524337769},"size":6.908356189727783,"orthographic":false}