{"cameraMode":{"drawMode":0,"name":"Shaded","section":"Shading Mode"},"sceneLighting":true,"audioPlay":false,"sceneViewState":{"showFog":true,"showMaterialUpdate":false,"showSkybox":true,"showFlares":true,"showImageEffects":true,"showParticleSystems":true},"in2DMode":false,"pivot":{"x":13.029998779296875,"y":3.6399996280670168,"z":4.757053375244141},"rotation":{"x":-0.1199515089392662,"y":-0.03365085646510124,"z":0.004065193701535463,"w":-0.9922047257423401},"size":40.010372161865237,"orthographic":false}