{"cameraMode":{"drawMode":0,"name":"Shaded","section":"Shading Mode"},"sceneLighting":false,"audioPlay":false,"sceneViewState":{"showFog":true,"showMaterialUpdate":false,"showSkybox":false,"showFlares":true,"showImageEffects":true,"showParticleSystems":true},"in2DMode":false,"pivot":{"x":1.9512288570404053,"y":-1.0569720268249512,"z":6.169641017913818},"rotation":{"x":-0.32703450322151186,"y":0.0274913739413023,"z":-0.009518182836472988,"w":-0.9445660710334778},"size":14.193718910217286,"orthographic":false}