{"cameraMode":{"drawMode":0,"name":"Shaded","section":"Shading Mode"},"sceneLighting":true,"audioPlay":false,"sceneViewState":{"showFog":true,"showMaterialUpdate":false,"showSkybox":true,"showFlares":true,"showImageEffects":true,"showParticleSystems":true},"in2DMode":false,"pivot":{"x":5.156901836395264,"y":2.1680917739868166,"z":-2.433185577392578},"rotation":{"x":0.03717014193534851,"y":-0.02488371729850769,"z":-0.0009257625206373632,"w":-0.9990000128746033},"size":6.332101821899414,"orthographic":false}